{"cameraMode":{"drawMode":0,"name":"Shaded","section":"Shading Mode"},"sceneLighting":true,"audioPlay":false,"sceneViewState":{"showFog":true,"showMaterialUpdate":false,"showSkybox":true,"showFlares":true,"showImageEffects":true,"showParticleSystems":true},"in2DMode":false,"pivot":{"x":-0.5363779067993164,"y":6.203647136688232,"z":2.7477378845214845},"rotation":{"x":0.012862025760114193,"y":0.9871201515197754,"z":0.11571285128593445,"w":-0.10972240567207337},"size":18.11379051208496,"orthographic":false}