{"cameraMode":{"drawMode":0,"name":"Shaded","section":"Shading Mode"},"sceneLighting":false,"audioPlay":false,"sceneViewState":{"showFog":true,"showMaterialUpdate":false,"showSkybox":true,"showFlares":true,"showImageEffects":true,"showParticleSystems":true},"in2DMode":false,"pivot":{"x":1.7923202514648438,"y":1.7561454772949219,"z":-1.965925693511963},"rotation":{"x":-0.048180535435676578,"y":0.9454675316810608,"z":-0.16444683074951173,"w":-0.27699658274650576},"size":4.056246280670166,"orthographic":false}